-0.000325 0.00065 1.4822e-323 10000 1e+11 | 1 3
0.000438871 0.000496863 9.88131e-324 3698.56 2.28723e-05 | 2 2
0.000384611 0.000599532 9.88131e-324 3988.25 5.42338e-06 | 3 2
0.000584876 0.000361694 9.88131e-324 3675.01 1.87703e-05 | 4 2
0.000524765 0.000304107 9.88131e-324 3678.17 4.63848e-06 | 5 2
0.000695026 0.000226447 9.88131e-324 3618.9 1.69625e-05 | 6 2
0.000239501 0.000218484 9.88131e-324 3728.6 1.869e-05 | 7 2
0.000570523 0.000143304 9.88131e-324 3673.07 2.81339e-05 | 8 2
0.000608639 0.000190774 9.88131e-324 3662.97 1.53381e-05 | 9 2
0.000540031 0.000343573 9.88131e-324 3668.47 8.81197e-06 | 10 2
0.000619861 3.22027e-05 9.88131e-324 3662.08 1.77596e-05 | 11 2
0.000332034 0.000587385 9.88131e-324 4031.02 2.1071e-05 | 12 2
0.000697484 0.000311443 9.88131e-324 3638.64 1.10447e-05 | 13 2
0.000568119 0.000334428 9.88131e-324 3676.31 1.24428e-05 | 14 2
0.00065247 3.0656e-05 9.88131e-324 3626.66 5.55597e-06 | 15 2
0.000367856 0.000177161 9.88131e-324 3687.9 1.84707e-05 | 16 2
0.000625438 0.000320142 9.88131e-324 3675.47 1.59877e-05 | 17 2
0.000644989 0.000384472 9.88131e-324 3624.05 7.29839e-06 | 18 2
0.000410246 0.00023448 9.88131e-324 3698.26 5.35639e-06 | 19 2
0.000450662 0.000307007 9.88131e-324 3689.83 7.52633e-06 | 20 2
0.000490605 0.000138025 9.88131e-324 3674.24 2.02322e-05 | 21 2
0.00049904 0.000172278 9.88131e-324 3672.3 1.09246e-05 | 22 2
0.000561717 0.000175664 9.88131e-324 3671.28 1.32682e-05 | 23 2
0.000985844 8.54492e-05 9.88131e-324 3390.97 1.73535e-05 | 24 2
0.000515838 0.000399243 9.88131e-324 3647.54 1.74736e-05 | 25 2
0.000448077 0.000331142 9.88131e-324 3696.81 2.07085e-05 | 26 2
0.0001126 0.000103216 9.88131e-324 3867.71 4.69615e-06 | 27 2
0.000472245 0.000266262 9.88131e-324 3681.71 1.02068e-05 | 28 2
0.000643552 0.000102416 9.88131e-324 3654.1 1.0494e-05 | 29 2
0.000687798 0.000320887 9.88131e-324 3646.27 4.36922e-06 | 30 2
0.000606486 0.000385262 9.88131e-324 3674.46 1.59689e-05 | 31 2
0.000694844 0.00127386 9.88131e-324 4028.6 2.56857e-05 | 32 2
0.000181473 0.000131175 9.88131e-324 3782.09 1.43334e-05 | 33 2
0.000572502 0.000197152 9.88131e-324 3671.92 1.13239e-05 | 34 2
0.000734709 0.00033363 9.88131e-324 3496.08 2.19013e-05 | 35 2
0.000546137 1.90032e-05 9.88131e-324 3657.89 3.44581e-06 | 36 2
0.000793875 0.000407616 9.88131e-324 3449.56 1.42372e-05 | 37 2
0.000522924 0.00048277 9.88131e-324 3692.39 1.38087e-05 | 38 2
0.000333431 0.000496018 9.88131e-324 3737.85 2.66258e-06 | 39 2
0.00050166 0.000260936 9.88131e-324 3678.3 1.06156e-05 | 40 2
0.000412375 0.000159979 9.88131e-324 3690 1.19474e-05 | 41 2
0.000581854 0.000149349 9.88131e-324 3660.26 1.54547e-05 | 42 2
0.000607101 0.000403176 9.88131e-324 3675.04 1.22627e-05 | 43 2
0.000526073 0.000208972 9.88131e-324 3670.03 9.86258e-06 | 44 2
0.000482628 0.000257351 9.88131e-324 3686.35 1.26676e-05 | 45 2
0.000501153 0.000524429 9.88131e-324 3695.43 8.86098e-06 | 46 2
0.000368109 0.000379951 9.88131e-324 3760.7 1.71001e-05 | 47 2
0.00041115 0.000143063 9.88131e-324 3675.78 1.31977e-05 | 48 2
0.000393734 0.000257624 9.88131e-324 3700.65 1.22404e-05 | 49 2
0.000499859 3.34602e-05 9.88131e-324 3668.44 1.1581e-05 | 50 2
0.000569661 0.000345161 9.88131e-324 0 1.2174e-05 | 51 2
0.000606979 0.00020008 9.88131e-324 3643.69 1.61346e-05 | 52 2
0.000375039 0.000463602 9.88131e-324 3705.39 2.04381e-05 | 53 2
0.000675059 8.91711e-05 9.88131e-324 3601.24 6.95925e-06 | 54 2
0.000602532 0.000160942 9.88131e-324 3665.14 1.80036e-05 | 55 2
0.000205621 0.000275464 9.88131e-324 3812.41 1.11255e-05 | 56 2
0.000399271 0.000153842 9.88131e-324 3690 2.58592e-06 | 57 2
0.000564241 0.00112624 9.88131e-324 4063.33 2.65508e-06 | 58 2
0.000556795 0.000158203 9.88131e-324 3671.28 1.01648e-05 | 59 2
0.00058551 0.000249737 9.88131e-324 3661.14 1.27684e-05 | 60 2
0.000471022 0.000324335 9.88131e-324 3679.16 1.5077e-05 | 61 2
0.000864161 0.000165129 9.88131e-324 3560.11 1.3582e-05 | 62 2
0.000600427 0.000314474 9.88131e-324 3676.14 1.94335e-05 | 63 2
0.000401411 0.00023034 9.88131e-324 3699.99 1.11284e-05 | 64 2
0.0006431 0.000311784 9.88131e-324 3682.83 2.09572e-05 | 65 2
0.000659551 0.00105327 9.88131e-324 4060.11 4.65307e-06 | 66 2
0.000318968 0.000312477 9.88131e-324 3800.99 1.38959e-05 | 67 2
0.000682245 0.000227184 9.88131e-324 3634.51 1.26143e-05 | 68 2
0.000464668 0.00119579 9.88131e-324 4154.7 9.02257e-06 | 69 2
0.000531871 0.000263862 9.88131e-324 3678.17 3.18331e-05 | 70 2
0.000519053 0.00119838 9.88131e-324 4144.84 1.12301e-05 | 71 2
0.000393109 0.000617282 9.88131e-324 3883.47 2.70005e-06 | 72 2
0.000601526 0.000432593 9.88131e-324 3676.64 9.00277e-06 | 73 2
0.000159881 0.000211766 9.88131e-324 3781.82 1.37718e-05 | 74 2
0.000345544 3.81361e-05 9.88131e-324 3681.04 1.21634e-05 | 75 2
0.000628651 0.000115443 9.88131e-324 3651.97 1.27034e-05 | 76 2
0.000740678 0.001175 9.88131e-324 4026.1 1.39513e-05 | 77 2
0.000373543 0.000271657 9.88131e-324 3769.21 4.70377e-06 | 78 2
0.000602068 4.58289e-05 9.88131e-324 3660.26 1.28108e-05 | 79 2
0.000404799 0.000656906 9.88131e-324 3722.91 1.74885e-05 | 80 2
0.000538174 0.000523768 9.88131e-324 3691.62 1.58979e-05 | 81 2
0.000661621 8.26163e-05 9.88131e-324 3595.08 1.78037e-05 | 82 2
0.000812727 0.000418587 9.88131e-324 3449.44 1.5908e-05 | 83 2
0.000659169 0.000293467 9.88131e-324 3638.21 2.24663e-05 | 84 2
0.000606401 0.00122673 9.88131e-324 4029.13 1.37424e-05 | 85 2
0.000799771 0.000309191 9.88131e-324 3482.87 1.15333e-05 | 86 2
0.000371707 0.000190714 9.88131e-324 3696.22 1.54764e-05 | 87 2
0.000783395 0.000302386 9.88131e-324 3489.06 2.23241e-05 | 88 2
0.000546166 0.00122606 9.88131e-324 4031.88 1.45202e-05 | 89 2
0.000804277 0.000220725 9.88131e-324 3509.73 9.49374e-06 | 90 2
0.000400937 0.000215177 9.88131e-324 3700.02 1.30086e-05 | 91 2
0.000611701 0.000571424 9.88131e-324 3695.75 5.60181e-06 | 92 2
0.000400943 0.000557789 9.88131e-324 3730.62 1.21681e-05 | 93 2
0.000896623 0.000191611 9.88131e-324 3487.06 9.69587e-06 | 94 2
0.000458581 0.000186052 9.88131e-324 3686.35 1.72369e-05 | 95 2
0.000494195 0.000339213 9.88131e-324 3675.85 9.94942e-06 | 96 2
0.0011181 0.000596781 9.88131e-324 3366.37 2.2591e-05 | 97 2
0.000761689 0.0003334 9.88131e-324 3496.08 2.22764e-06 | 98 2
0.000609654 0.000512889 9.88131e-324 3686.43 5.71861e-06 | 99 2
0.000670632 0.000113079 9.88131e-324 3613.17 1.47584e-05 | 100 2
0.000641034 0.000338389 9.88131e-324 3605.84 8.82995e-06 | 101 2
0.000197072 0.00062082 9.88131e-324 4238.82 1.53317e-05 | 102 2
0.000522996 0.00025835 9.88131e-324 3678.18 5.09607e-06 | 103 2
0.000554673 0.000161707 9.88131e-324 3671.25 1.65344e-05 | 104 2
0.000344278 0.000576234 9.88131e-324 3978.32 9.00274e-06 | 105 2
0.000712554 0.000382194 9.88131e-324 3520.34 6.41331e-06 | 106 2
0.000515351 0.00108742 9.88131e-324 4063.33 1.25444e-05 | 107 2
0.000449867 0.000448283 9.88131e-324 3683.21 1.76483e-05 | 108 2
0.000514258 0.000350295 9.88131e-324 3647.56 2.07113e-05 | 109 2
0.000436951 0.000190487 9.88131e-324 3686.36 1.85938e-05 | 110 2
0.000193761 2.4452e-05 9.88131e-324 3680.83 1.14389e-05 | 111 2
0.000661995 0.000215431 9.88131e-324 3635.7 1.26874e-05 | 112 2
0.000602968 0.000290143 9.88131e-324 3675.72 3.27602e-06 | 113 2
0.000586616 0.00118077 9.88131e-324 4097.22 1.358e-05 | 114 2
0.000244532 0.000413656 9.88131e-324 4218.85 1.8231e-05 | 115 2
0.00042728 0.00098361 9.88131e-324 4078.53 1.61738e-05 | 116 2
0.000291821 0.000158661 9.88131e-324 3717.23 1.11569e-05 | 117 2
0.000511963 0.000338053 9.88131e-324 3670.92 3.42972e-07 | 118 2
0.000574126 0.000204735 9.88131e-324 3646.66 1.61306e-05 | 119 2
0.00064189 8.87039e-05 9.88131e-324 3654.65 1.1815e-05 | 120 2
0.000605392 0.000271824 9.88131e-324 3644.15 1.6839e-05 | 121 2
0.000753384 0.000208277 9.88131e-324 3573.66 1.83796e-05 | 122 2
0.00064821 0.000281565 9.88131e-324 3645.37 1.24062e-05 | 123 2
0.000425953 0.000669635 9.88131e-324 3716.26 4.06297e-06 | 124 2
0.000527946 0.000303972 9.88131e-324 3678.17 1.76411e-05 | 125 2
0.000552875 0.000344185 9.88131e-324 3664.81 1.13547e-05 | 126 2
0.000769676 0.000342952 9.88131e-324 3501.34 7.64559e-06 | 127 2
4.68421e-05 0.000593356 0 9994.55 8.01592e-06 | 128 0
0.000382547 7.22313e-05 9.88131e-324 3674.34 1.82319e-05 | 129 2
0.000420449 0.000311114 9.88131e-324 3702.13 1.17647e-05 | 130 2
0.0004578 0.00061338 9.88131e-324 3699.35 1.33619e-05 | 131 2
0.000775385 0.00129197 9.88131e-324 4029.08 2.04484e-06 | 132 2
0.000216559 0.000274052 9.88131e-324 3804.06 1.61215e-05 | 133 2
0.000620708 0.00030352 9.88131e-324 3658.87 5.19681e-06 | 134 2
0.000658008 0.000164728 9.88131e-324 3621.53 1.1263e-05 | 135 2
0.000709837 0.000622813 9.88131e-324 3704.72 3.13991e-05 | 136 2
0.000755376 0.000215003 9.88131e-324 3547.77 1.0855e-05 | 137 2
0.0012343 0.000151319 9.88131e-324 1896.21 2.5616e-05 | 138 2
0.00127108 0.000319357 4.94066e-324 14.9041 1.65948e-05 | 139 1
0.000799095 0.00018013 9.88131e-324 3563.18 2.65217e-05 | 140 2
0.000554456 0.000152554 9.88131e-324 3671.26 2.25715e-05 | 141 2
0.000380521 0.00124186 9.88131e-324 4121.77 2.23998e-05 | 142 2
0.000553846 0.000216585 9.88131e-324 3643.89 4.41652e-06 | 143 2
0.000322736 0.00022235 9.88131e-324 3723.87 6.99136e-06 | 144 2
0.000345987 0.000470628 9.88131e-324 3760.7 1.36002e-05 | 145 2
0.000633134 0.000574117 9.88131e-324 3693.29 1.61169e-05 | 146 2
0.000623868 0.000551633 9.88131e-324 3692.01 1.86256e-05 | 147 2
0.000291998 0.00028978 9.88131e-324 3807.17 1.4995e-05 | 148 2
0.000730317 0.000112961 9.88131e-324 3576.2 2.19971e-05 | 149 2
0.000352524 0.000292459 9.88131e-324 3791.07 8.28557e-06 | 150 2
0.000472831 0.000160938 9.88131e-324 3672.3 1.21703e-05 | 151 2
0.000419357 0.0001771 9.88131e-324 3690 1.99379e-05 | 152 2
0.00118383 0.000303034 9.88131e-324 3152.06 1.18936e-05 | 153 2
0.000726208 0.000520793 9.88131e-324 3690.36 1.85361e-05 | 154 2
0.000657144 0.000311725 9.88131e-324 3642.29 1.82118e-06 | 155 2
0.000303168 0.000246537 9.88131e-324 3780.7 3.17831e-06 | 156 2
0.000539104 0.000386215 9.88131e-324 3647.68 1.02267e-05 | 157 2
0.000152972 0.00126864 9.88131e-324 4208.52 2.37502e-05 | 158 2
0.000526232 7.3961e-05 9.88131e-324 3674.43 1.60969e-05 | 159 2
0.000710658 0.000158916 9.88131e-324 3607.45 7.80107e-06 | 160 2
0.00052951 0.000254375 9.88131e-324 3673.12 3.03137e-06 | 161 2
0.000707838 0.000177259 9.88131e-324 3599.52 1.19125e-05 | 162 2
2.38363e-05 0.000337213 0 7132.02 3.82329e-06 | 163 0
0.00040726 0.00070799 9.88131e-324 3723.03 9.83158e-06 | 164 2
0.000291466 6.40454e-05 9.88131e-324 3681.33 1.48544e-05 | 165 2
0.00122363 0.000108078 9.88131e-324 1717.3 1.10011e-05 | 166 2
0.00113721 0.000627025 9.88131e-324 3366.38 2.28719e-06 | 167 2
0.000617571 0.000178722 9.88131e-324 3668.25 1.83138e-05 | 168 2
0.000788058 0.00121177 9.88131e-324 4027.2 9.71641e-06 | 169 2
0.000936935 3.64521e-05 9.88131e-324 3413.77 7.89982e-06 | 170 2
0.000511521 0.000308314 9.88131e-324 3684.36 1.36383e-05 | 171 2
0.00109035 0.00014955 9.88131e-324 2178.18 1.01787e-05 | 172 2
0.000522131 0.000214259 9.88131e-324 3672.4 2.81137e-05 | 173 2
0.000794525 0.000276518 9.88131e-324 3485.82 9.81694e-06 | 174 2
0.000374181 0.000320495 9.88131e-324 3777.63 6.45601e-06 | 175 2
0.00103652 0.000354897 9.88131e-324 3367 1.01319e-05 | 176 2
0.000155163 0.000228457 9.88131e-324 3807.83 1.43695e-05 | 177 2
0.000546564 0.000313871 9.88131e-324 3679.82 1.96225e-05 | 178 2
0.000661764 0.000147018 9.88131e-324 3624.03 6.90699e-06 | 179 2
0.000797782 0.00128324 9.88131e-324 4028.17 4.89208e-07 | 180 2
0.000808923 0.000137287 9.88131e-324 3552.05 1.54301e-05 | 181 2
0.000973514 0.000408359 9.88131e-324 3376.6 1.30208e-05 | 182 2
0.000738877 5.2558e-05 9.88131e-324 3570.71 1.74658e-05 | 183 2
0.000838662 0.000310934 9.88131e-324 3467.16 1.05449e-05 | 184 2
0.000964398 0.00128149 9.88131e-324 4028.17 1.44764e-05 | 185 2
0.00045368 0.00125536 9.88131e-324 4196.72 1.86569e-05 | 186 2
0.000622802 0.000142211 9.88131e-324 3651.82 1.91804e-05 | 187 2
0.000726117 0.0003666 9.88131e-324 3520.34 7.69052e-06 | 188 2
0.000506652 0.000560222 9.88131e-324 3695.47 1.92767e-05 | 189 2
0.00037472 0.000284795 9.88131e-324 3738.04 1.35101e-05 | 190 2
0.000464426 0.00129511 9.88131e-324 4154.7 1.68978e-06 | 191 2
0.000757858 0.000402983 9.88131e-324 3512.79 1.08164e-05 | 192 2
0.00116278 0.000991256 9.88131e-324 0 1.6275e-05 | 193 2
9.91554e-06 0.000564077 0 9999.67 2.66172e-05 | 194 0
0.000637393 0.000462365 9.88131e-324 3679.22 2.19726e-05 | 195 2
0.000993672 0.000280153 9.88131e-324 3370.03 1.12143e-05 | 196 2
0.00100361 0.000129468 9.88131e-324 3287.72 4.43153e-06 | 197 2
0.000752507 0.00020407 9.88131e-324 3573.88 1.11231e-05 | 198 2
0.000377732 0.000202916 9.88131e-324 3707.46 2.20638e-05 | 199 2
0.000692826 0.000186298 9.88131e-324 3618.25 3.44762e-05 | 200 2
0.000444933 0.000389618 9.88131e-324 3727.46 9.2034e-06 | 201 2
0.000585786 1.31516e-05 9.88131e-324 3644.58 1.03628e-05 | 202 2
0.000464394 0.00042578 9.88131e-324 3682.16 1.13879e-05 | 203 2
0.000128486 0.000395242 9.88131e-324 4205.12 1.33314e-05 | 204 2
0.000436118 0.000629 9.88131e-324 3702.24 1.00221e-05 | 205 2
0.000701214 0.000400867 9.88131e-324 3624.05 2.01095e-05 | 206 2
0.000708001 0.00126857 9.88131e-324 4028.61 2.28455e-05 | 207 2
0.000277482 0.00108425 9.88131e-324 4183.76 8.96134e-06 | 208 2
0.000770248 0.000529841 9.88131e-324 3691.24 1.70593e-05 | 209 2
0.00084554 8.00375e-05 9.88131e-324 3540.57 1.80179e-05 | 210 2
0.000387302 0.000288257 9.88131e-324 3738.44 1.53117e-06 | 211 2
0.000776499 0.000173866 9.88131e-324 3563.33 1.4043e-05 | 212 2
0.000440731 0.000431836 9.88131e-324 3740.32 7.18155e-06 | 213 2
0.000930968 1.66083e-05 9.88131e-324 3386.09 1.11351e-05 | 214 2
0.00049558 9.1437e-05 9.88131e-324 3669.84 2.52541e-05 | 215 2
0.000975862 0.000564355 9.88131e-324 3373.46 1.801e-05 | 216 2
0.00031472 0.000316352 9.88131e-324 3806.39 1.20278e-05 | 217 2
0.000313386 0.00121844 9.88131e-324 4176.29 1.17086e-05 | 218 2
0.000619879 0.000260838 9.88131e-324 3647.08 1.53666e-05 | 219 2
0.000788065 0.000332302 9.88131e-324 3489.06 1.07813e-05 | 220 2
0.000711027 0.00063649 9.88131e-324 3710.41 9.9482e-06 | 221 2
0.000560932 0.00047721 9.88131e-324 3690.52 1.62471e-05 | 222 2
0.00117665 0.000365752 9.88131e-324 3163.66 2.51349e-05 | 223 2
0.000553624 0.000406039 9.88131e-324 3665.43 9.13925e-07 | 224 2
0.00126341 5.85691e-05 4.94066e-324 6.72506 1.57402e-05 | 225 1
0.000434926 0.000493365 9.88131e-324 3729.49 1.11234e-05 | 226 2
0.00055684 0.000412072 9.88131e-324 3675.49 1.51117e-05 | 227 2
0.000691411 0.000257074 9.88131e-324 3619.67 1.55021e-05 | 228 2
0.000497524 0.000134156 9.88131e-324 3670.42 1.76677e-05 | 229 2
0.000678779 0.00105855 9.88131e-324 4023.99 1.33652e-05 | 230 2
0.000327511 0.00116757 9.88131e-324 4114.98 1.28674e-05 | 231 2
0.000616884 0.000286287 9.88131e-324 3656.92 1.50019e-05 | 232 2
0.000304139 0.000357238 9.88131e-324 3877.36 3.18021e-06 | 233 2
0.000813893 3.65289e-05 9.88131e-324 3568.35 1.84145e-05 | 234 2
1.44174e-05 0.00110296 0 8229.15 3.09422e-06 | 235 0
0.0004878 0.000822809 9.88131e-324 4014.38 1.11787e-05 | 236 2
0.000374555 0.000522198 9.88131e-324 3995.38 1.44705e-05 | 237 2
0.000585054 0.000188756 9.88131e-324 3665.79 1.53701e-05 | 238 2
0.00052383 0.000328321 9.88131e-324 3689.41 1.32982e-05 | 239 2
0.000689103 0.000369218 9.88131e-324 3567.07 9.35663e-06 | 240 2
0.000885376 0.000341868 9.88131e-324 3437.63 1.0304e-05 | 241 2
0.000398556 0.000510869 9.88131e-324 3731.25 2.95341e-05 | 242 2
0.000542065 9.82036e-05 9.88131e-324 3668.6 6.19517e-06 | 243 2
0.000693308 0.000331476 9.88131e-324 3500.84 1.30854e-05 | 244 2
0.000689485 0.000595691 9.88131e-324 3693.29 1.77343e-05 | 245 2
0.000675834 0.000639115 9.88131e-324 3703.49 1.96107e-05 | 246 2
0.000387106 0.000964459 9.88131e-324 4071.7 2.05624e-05 | 247 2
0.000974062 0.000613366 9.88131e-324 3373.63 2.6935e-05 | 248 2
0.000346349 0.00019877 9.88131e-324 3687.9 1.42475e-05 | 249 2
0.000298702 0.000320108 9.88131e-324 3807.11 2.01143e-05 | 250 2
0.000279053 0.000765326 9.88131e-324 4023.86 1.0072e-05 | 251 2
0.00052458 7.84338e-05 9.88131e-324 3669.93 1.57977e-05 | 252 2
0.000986466 0.000155015 9.88131e-324 3302.32 5.95655e-06 | 253 2
0.000704213 0.000193077 9.88131e-324 3581.58 1.63335e-05 | 254 2
0.000292812 0.000118263 9.88131e-324 3703.63 3.61756e-06 | 255 2
0.000865672 8.58453e-05 9.88131e-324 3550.21 6.58406e-06 | 256 2
0.000474611 0.0012913 9.88131e-324 4031.97 8.23759e-06 | 257 2
0.000762224 0.00018977 9.88131e-324 3563.62 1.27058e-05 | 258 2
0.000264059 0.000449338 9.88131e-324 4088.88 5.04484e-06 | 259 2
0.000479802 0.000855175 9.88131e-324 4028.45 1.76332e-05 | 260 2
0.000673383 0.000291789 9.88131e-324 3645.95 2.0884e-05 | 261 2
0.000605145 9.33567e-05 9.88131e-324 3649.05 6.23734e-06 | 262 2
0.000685421 0.000942721 9.88131e-324 4017.18 5.28806e-06 | 263 2
0.00125413 0.000417763 4.94066e-324 1.12809 1.4728e-05 | 264 1
0.000704091 0.000537544 9.88131e-324 3694.39 1.84336e-05 | 265 2
0.000126724 0.00119424 9.88131e-324 5229.72 2.12087e-06 | 266 2
0.000387197 0.000185944 9.88131e-324 3698.64 1.25853e-05 | 267 2
0.000590652 0.000259598 9.88131e-324 3650.3 8.18392e-06 | 268 2
0.000954296 0.000461929 9.88131e-324 3401.26 2.13927e-05 | 269 2
0.000472779 0.000734365 9.88131e-324 3714.69 1.32754e-05 | 270 2
0.00014289 0.000227264 9.88131e-324 3894.19 1.32861e-05 | 271 2
0.000508974 0.000157655 9.88131e-324 3671.26 1.91652e-05 | 272 2
0.000386719 0.000490246 9.88131e-324 3705.42 9.6298e-06 | 273 2
0.000114165 0.000187571 9.88131e-324 3894.19 1.62653e-05 | 274 2
0.000660091 5.43647e-05 9.88131e-324 3595.15 1.77836e-05 | 275 2
0.000458882 0.00126343 9.88131e-324 4196.5 8.0898e-06 | 276 2
0.000475047 0.000303698 9.88131e-324 3678.94 1.34341e-05 | 277 2
0.000882057 3.99136e-05 9.88131e-324 3509.31 7.5152e-06 | 278 2
0.000105871 0.000580294 9.88131e-324 4238.82 1.31154e-05 | 279 2
0.000379831 3.36409e-05 9.88131e-324 3681 1.58849e-05 | 280 2
0.00047873 0.000658145 9.88131e-324 3709.99 1.98005e-05 | 281 2
0.000411266 0.000655701 9.88131e-324 3722.91 7.5003e-06 | 282 2
0.00102569 2.86709e-05 9.88131e-324 3383.41 1.62676e-05 | 283 2
0.000303897 0.00108273 9.88131e-324 4183.76 1.96012e-05 | 284 2
0.000753354 0.000317035 9.88131e-324 3501.11 1.21301e-05 | 285 2
0.000715096 0.000234281 9.88131e-324 3596.64 7.83201e-06 | 286 2
0.000579475 0.00076984 9.88131e-324 3987.98 1.73524e-05 | 287 2
0.000391754 4.31132e-06 9.88131e-324 3672.18 1.35229e-06 | 288 2
0.000614373 0.000115568 9.88131e-324 3637.71 1.11506e-05 | 289 2
0.000766135 0.000683142 9.88131e-324 3710.41 2.52714e-05 | 290 2
0.001625 0.00065 1.4822e-323 0 1e+11 | 291 3
